<ImportExportXml xmlns:xsi="http://www.w3.org/2001/XMLSchema-instance">
  <Entities></Entities>
  <Roles></Roles>
  <Workflows></Workflows>
  <FieldSecurityProfiles></FieldSecurityProfiles>
  <Templates />
  <EntityMaps />
  <EntityRelationships />
  <OrganizationSettings />
  <optionsets />
  <WebResources>
    <WebResource>
      <WebResourceId>{66be60b5-9e52-e611-80da-c4346bac6974}</WebResourceId>
      <Name>ths_/pages/standalone/iframe_container/iframe_container.html</Name>
      <DisplayName>ths_/pages/standalone/iframe_container/iframe_container.html</DisplayName>
      <WebResourceType>1</WebResourceType>
      <IntroducedVersion>0.1</IntroducedVersion>
      <IsEnabledForMobileClient>1</IsEnabledForMobileClient>
      <IsCustomizable>1</IsCustomizable>
      <CanBeDeleted>1</CanBeDeleted>
      <IsHidden>0</IsHidden>
      <FileName>/WebResources/ths_pagesstandaloneiframe_containeriframe_containe66BE60B5-9E52-E611-80DA-C4346BAC6974</FileName>
    </WebResource>
    <WebResource>
      <WebResourceId>{fd8cda72-9f52-e611-80da-c4346bac6974}</WebResourceId>
      <Name>ths_/pages/standalone/iframe_container/js/iframe_container.js</Name>
      <DisplayName>ths_/pages/standalone/iframe_container/js/iframe_container.js</DisplayName>
      <WebResourceType>3</WebResourceType>
      <IntroducedVersion>0.1</IntroducedVersion>
      <IsEnabledForMobileClient>0</IsEnabledForMobileClient>
      <IsCustomizable>1</IsCustomizable>
      <CanBeDeleted>1</CanBeDeleted>
      <IsHidden>0</IsHidden>
      <FileName>/WebResources/ths_pagesstandaloneiframe_containerjsiframe_contaiFD8CDA72-9F52-E611-80DA-C4346BAC6974</FileName>
    </WebResource>
    <WebResource>
      <WebResourceId>{19214ca0-a352-e611-80da-c4346bac6974}</WebResourceId>
      <Name>ths_/pages/standalone/iframe_container/css/iframe_container.css</Name>
      <DisplayName>ths_/pages/standalone/iframe_container/css/iframe_container.css</DisplayName>
      <WebResourceType>2</WebResourceType>
      <IntroducedVersion>0.1</IntroducedVersion>
      <IsEnabledForMobileClient>0</IsEnabledForMobileClient>
      <IsCustomizable>1</IsCustomizable>
      <CanBeDeleted>1</CanBeDeleted>
      <IsHidden>0</IsHidden>
      <FileName>/WebResources/ths_pagesstandaloneiframe_containercssiframe_conta19214CA0-A352-E611-80DA-C4346BAC6974</FileName>
    </WebResource>
    <WebResource>
      <WebResourceId>{ee1e4b16-c452-e611-80da-c4346bac6974}</WebResourceId>
      <Name>ths_/pages/standalone/iframe_container/message_receivers/open_entity_form.js</Name>
      <DisplayName>ths_/pages/standalone/iframe_container/message_receivers/open_entity_form.js</DisplayName>
      <WebResourceType>3</WebResourceType>
      <IntroducedVersion>0.1</IntroducedVersion>
      <IsEnabledForMobileClient>0</IsEnabledForMobileClient>
      <IsCustomizable>1</IsCustomizable>
      <CanBeDeleted>1</CanBeDeleted>
      <IsHidden>0</IsHidden>
      <FileName>/WebResources/ths_pagesstandaloneiframe_containermessage_receiveEE1E4B16-C452-E611-80DA-C4346BAC6974</FileName>
    </WebResource>
  </WebResources>
  <Languages>
    <Language>1033</Language>
  </Languages>
</ImportExportXml>